kata_tidak_baku,kata_baku
maps,peta
ok,oke
gogle,google
update,pembaruan
yg,yang
god,bagus
gak,tidak
map,peta
eror,galat
ga,tidak
banget,sekali
ya,iya
kasih,beri
bikin,buat
gk,tidak
udah,sudah
aja,saja
sat,saat
terimakasih,terima kasih
apk,aplikasi
muter,berputar
pas,tepat
kalo,kalau
ngaco,kacau
lemot,lambat
nyasar,tersesat
jelek,buruk
aku,saya
hp,ponsel
bermanfat,bermanfaat
d,di
tau,tahu
mulu,terus-menerus
biar,agar
kendaran,kendaraan
bug,galat
susah,sulit
jln,jalan
top,bagus
driver,pengemudi
penguna,pengguna
pake,pakai
sy,saya
mengunakan,menggunakan
mapsnya,petanya
bgt,sekali
bener,benar
tdk,tidak
tp,tapi
ngak,tidak
mantab,mantap
udh,sudah
km,kilometer
membatu,membantu
g,tidak
jos,bagus
and,dan
lg,lagi
cuma,hanya
karna,karena
ni,ini
nice,bagus
ku,saya
jalanya,jalannya
klo,kalau
to,ke
dah,sudah
gua,saya
ngasih,memberi
gw,saya
best,terbaik
i,saya
sip,oke
trus,terus
min,admin
nih,ini
liat,lihat
mapnya,petanya
telat,terlambat
utk,untuk
sdh,sudah
ko,kok
ojol,ojek daring
ap,apa
job,pekerjaan
tiap,setiap
knp,kenapa
is,adalah
loading,memuat
gimana,bagaimana
lelet,lambat
tingal,tinggal
tetep,tetap
balik,kembali
diupdate,diperbarui
ilang,hilang
view,tampilan
makasih,terima kasih
kesini,ke sini
gara,gara-gara
bgus,bagus
kemana,ke mana
dimana,di mana
dlm,dalam
ny,nya
online,daring
delay,tunda
soalnya,karena
stret,jalan
kayak,seperti
trimakasih,terima kasih
gitu,begitu
nyari,mencari
yah,ya
gmaps,google maps
nga,tidak
it,itu
ngk,tidak
kesasar,tersesat
info,informasi
very,sangat
menunjukan,menunjukkan
ketingalan,ketinggalan
blm,belum
sehinga,sehingga
kaya,seperti
tingi,tinggi
harusnya,seharusnya
alhamdulilah,alhamdulillah
y,ya
jgn,jangan
maf,maaf
wifi,wi-fi
me,saya
in,di
mantul,mantap betul
sya,saya
you,kamu
gampang,mudah
mingu,minggu
dikit,sedikit
gajelas,tidak jelas
jd,jadi
orderan,pesanan
tak,tidak
respon,respons
ngarahin,mengarahkan
deket,dekat
trs,terus
doang,saja
sampe,sampai
upgrade,tingkatkan
gabisa,tidak bisa
mutar,berputar
review,ulasan
cuman,hanya
dgn,dengan
kordinat,koordinat
benerin,memperbaiki
dl,dulu
tuh,itu
ngebug,galat
apl,aplikasi
k,ke
not,tidak
signal,sinyal
for,untuk
nunjukin,menunjukkan
arahin,arahkan
pekerjan,pekerjaan
bs,bisa
mntap,mantap
like,suka
tpi,tapi
lgi,lagi
asu,anjing
ngawur,kacau
dikasih,diberi
lu,kamu
n,dan
skrg,sekarang
truck,truk
abis,habis
ngikutin,mengikuti
perjalan,perjalanan
apdet,perbarui
time,waktu
mep,peta
dr,dari
seting,pengaturan
aplication,aplikasi
of,dari
gini,begini
its,ini
ribet,rumit
amat,sangat
puter,putar
emang,memang
pdhl,padahal
dipake,dipakai
woy,woi
mlh,malah
cepet,cepat
knpa,kenapa
krn,karena
tampilanya,tampilannya
uninstal,copot pemasangan
was,dulu
mengangu,mengganggu
keliatan,kelihatan
ofline,luring
go,pergi
sagat,sangat
aj,saja
rating,peringkat
helpful,membantu
kasi,beri
tai,tahi
lainya,lainnya
nyusahin,menyusahkan
skrng,sekarang
so,jadi
this,ini
perbaharui,perbarui
jdi,jadi
gada,tidak ada
jg,juga
real,nyata
kedepanya,ke depannya
pencet,tekan
dlu,dulu
no,tidak
kebuka,terbuka
manfat,manfaat
dg,dengan
rubah,ubah
kaga,tidak
ganguan,gangguan
on,aktif
service,layanan
hadeh,aduh
download,unduh
shope,shopee
bantuanya,bantuannya
gacor,lancar
dijalan,di jalan
ditempat,di tempat
bego,bodoh
masak,masa
pelayananya,pelayanannya
when,ketika
bngt,sekali
jl,jalan
diarahin,diarahkan
kedepan,ke depan
updet,perbarui
ka,kak
kek,seperti
sasarin,menyesatkan
diperbaharui,diperbarui
bsa,bisa
acurate,akurat
gugel,google
up,naik
mbantu,membantu
ful,penuh
sunguh,sungguh
even,bahkan
yes,ya
uda,sudah
close,tutup
kau,kamu
nyampe,sampai
koq,kok
terupdate,teranyar
aps,aplikasi
fod,makanan
lag,lambat
u,kamu
system,sistem
org,orang
jalanjalan,jalan-jalan
my,saya
find,cari
location,lokasi
nambah,tambah
gede,besar
cangih,canggih
enga,tidak
ter,paling
lbh,lebih
pembaharuan,pembaruan
opo,apa
usah,perlu
that,itu
melulu,terus-menerus
supir,sopir
msh,masih
arahanya,arahannya
disini,di sini
please,tolong
edit,ubah
recomended,disarankan
thank,terima kasih
apapun,apa pun
apdate,pembaruan
share,bagikan
bnget,sekali
bangat,sekali
ngeleg,lambat
jls,jelas
live,langsung
perbaikin,perbaiki
gue,saya
nyasarin,menyesatkan
kak,kakak
nyah,nya
or,atau
diem,diam
dibikin,dibuat
pdahal,padahal
ad,ada
elor,galat
q,saya
sngt,sangat
date,tanggal
ditanguhkan,ditangguhkan
wa,whatsapp
dpt,dapat
zom,zoom
road,jalan
orng,orang
kagak,tidak
mending,lebih baik
kejalan,ke jalan
sgt,sangat
kocak,lucu
ngebantu,membantu
via,melalui
benahi,perbaiki
pengen,ingin
bnyk,banyak
anj,anjing
klu,kalau
burik,buruk
slalu,selalu
tuk,untuk
dri,dari
by,oleh
ngelag,lambat
easy,mudah
asalamualaikum,assalamualaikum
seharihari,sehari-hari
mantaf,mantap
pengunan,penggunaan
okey,oke
mutermuter,berputar-putar
semingu,seminggu
pedesan,pedesaan
komen,komentar
goblog,goblok
love,suka
we,kita
from,dari
plis,tolong
masi,masih
anjir,anjing
trafic,lalu lintas
disat,di saat
navigation,navigasi
berkali,berkali-kali
keseringan,terlalu sering
tida,tidak
ikutin,ikuti
jps,gps
ancur,hancur
keder,bingung
da,sudah
tunjukan,tunjukkan
at,di
kesel,kesal
perusahan,perusahaan
kemanapun,ke mana pun
box,kotak
disitu,di situ
dn,dan
but,tapi
ngirim,mengirim
hrs,harus
muterin,memutari
okok,oke
hinga,hingga
aktifitas,aktivitas
lawak,lucu
bgs,bagus
matap,mantap
joz,bagus
instal,pasang
aqurat,akurat
kl,kalau
dimaps,di peta
abdet,perbarui
lewatin,lewati
nampak,tampak
sharelok,bagikan lokasi
sherlok,bagikan lokasi
why,kenapa
blum,belum
trims,terima kasih
gmn,bagaimana
can,bisa
seringkali,sering kali
tlg,tolong
bang,abang
store,toko
puterin,putar
lol,lucu
new,baru
sma,sama
stiap,setiap
force,paksa
keberadan,keberadaan
super,sangat
restart,mulai ulang
jadul,lama
fix,perbaiki
make,pakai
akuratan,keakuratan
markotop,mantap
beres,selesai
menerus,terus-menerus
prank,lelucon
kasian,kasihan
mantep,mantap
temen,teman
realy,sungguh
mushola,musala
kelewatan,keterlaluan
pke,pakai
alhasil,hasilnya
loadingnya,pemuatannya
places,tempat
rada,agak
bot,robot
nearby,sekitar
now,sekarang
pakek,pakai
ruwet,rumit
tu,itu
kerjan,pekerjaan
skali,sekali
mksh,terima kasih
keadan,keadaan
trmksh,terima kasih
crash,galat
bnr,benar
jaln,jalan
jlan,jalan
beter,lebih baik
ditengah,di tengah
sayah,saya
mudahan,semoga
sngat,sangat
ja,saja
route,rute
lawas,lama
jengkel,kesal
byk,banyak
bolak,bolak-balik
tujuanya,tujuannya
bner,benar
asw,anjing
login,masuk
yng,yang
hape,ponsel
benarbenar,benar-benar
gmap,google maps
nungu,menunggu
nanya,tanya
hacker,peretas
stuck,berhenti
komplek,kompleks
ksini,ke sini
balikin,kembalikan
bro,bung
tangal,tanggal
dsb,dan sebagainya
yez,ya
stak,berhenti
bosok,busuk
dilewatin,dilewati
upload,unggah
ingris,inggris
ajg,anjing
bnyak,banyak
overal,keseluruhan
gmna,bagaimana
jga,juga
nh,nih
cache,tembolok
skrang,sekarang
smpe,sampai
rumahku,rumah saya
gog,google
ngacak,acak
meps,peta
blom,belum
gamau,tidak mau
rapih,rapi
play,putar
disasarin,disesatkan
cakep,bagus
kyk,seperti
apan,apa
your,punyamu
donk,dong
ngomong,bicara
tibatiba,tiba-tiba
hpnya,ponselnya
lbih,lebih
developer,pengembang
pengunanya,penggunanya
china,cina
thanks,terima kasih
got,dapat
customer,pelanggan
bawan,bawaan
teros,terus
lo,kamu
with,dengan
ngarahinya,mengarahkan
mbah,kakek
guys,teman-teman
ama,sama
serlok,bagikan lokasi
bismilah,bismillah
mk,maka
one,satu
tlong,tolong
viewnya,tampilannya
kesusahan,kesulitan
simpel,sederhana
whatsap,whatsapp
tks,terima kasih
berpindahpindah,berpindah-pindah
cape,lelah
sperti,seperti
tergangu,terganggu
emg,memang
munculin,munculkan
features,fitur
skarang,sekarang
okelah,oke
kebaca,terbaca
komplit,lengkap
mantaps,mantap
traveling,perjalanan
muantap,mantap
berjam,berjam-jam
they,mereka
bet,sangat
okay,oke
bermamfat,bermanfaat
updatenya,pembaruannya
dapet,dapat
bakal,akan
ud,sudah
klw,kalau
ngasal,asal
sl,sama-sama
tangapan,tanggapan
mengunakanya,menggunakannya
gapernah,tidak pernah
kelaman,kelamaan
apknya,aplikasinya
delivery,pengiriman
narik,mencari penumpang
bandung,Bandung
bye,selamat tinggal
mal,mall
rmh,rumah
simple,sederhana
atu,satu
kg,kilogram
jir,anjir
ampas,buruk
have,punya
year,tahun
handphone,telepon genggam
dirubah,diubah
leg,lambat
t,tanda
kebalik,terbalik
icon,ikon
hr,hari
ndak,tidak
didalam,di dalam
ma,sama
september,September
berpergian,bepergian
fake,palsu
klau,kalau
korea,Korea
perhatianya,perhatiannya
infonya,informasinya
cirebon,Cirebon
kren,keren
provider,penyedia
prime,utama
ndk,tidak
wrong,salah
sebrang,seberang
brp,berapa
transport,transportasi
milih,memilih
tia,setiap
capek,lelah
posting,unggah
merubah,mengubah
menbantu,membantu
puyeng,pusing
as,sebagai
bagusin,perbaiki
sharelock,bagikan lokasi
jngn,jangan
kesitu,ke situ
kecelakan,kecelakaan
gt,begitu
mkn,makan
tambahin,tambahkan
kadng,kadang
plosok,pelosok
pol,sekali
rw,rukun warga
perkiran,perkiraan
ae,saja
anying,anjing
more,lebih
position,posisi
diluar,di luar
tunjukin,tunjukkan
ngambil,mengambil
level,tingkat
dimna,di mana
turunin,turunkan
pkai,pakai
their,mereka
home,beranda
tmpt,tempat
perfect,sempurna
maksa,memaksa
blur,kabur
pokoke,pokoknya
dkt,dekat
perjalananya,perjalanannya
masukin,masukkan
baret,gores
sanget,sangat
cafe,kafe
berasa,terasa
poko,pokok
gunain,gunakan
telkomsel,Telkomsel
akhirakhir,akhir-akhir
kebablasan,terlewat
mumet,pusing
thn,tahun
nyh,nya
gb,gigabyte
ijin,izin
kebawah,ke bawah
keatas,ke atas
kingdom,kerajaan
nomer,nomor
malem,malam
krna,karena
nyebrang,menyeberang
device,perangkat
gag,tidak
amazing,luar biasa
bg,bang
ketujuan,ke tujuan
wes,sudah
nipu,menipu
belom,belum
bagusan,lebih bagus
masp,maps
moga,semoga
ngeselin,menyebalkan
aje,saja
tenan,sekali
dalan,jalan
bagud,bagus
kesana,ke sana
seneng,senang
disana,di sana
link,tautan
goglemap,Google Maps
dear,halo
car,mobil
are,adalah
memudah,memudahkan
dh,sudah
trima,terima
mapa,maps
makananya,makanannya
pisan,sekali
sangan,sangat
redmi,Redmi
note,catatan
tdak,tidak
tertingal,tertinggal
place,tempat
spot,titik
oky,oke
berenti,berhenti
gegara,gara-gara
tgl,tanggal
kentang,spesifikasi rendah
sampek,sampai
help,bantu
sangant,sangat
jaman,zaman
muluk,terus
mala,malah
ajah,saja
ng,enggak
helps,membantu
travel,wisata
long,lama
luck,keberuntungan
dech,deh
sdah,sudah
ride,kendara
bobrok,rusak
kenceng,kencang
diputer,diputar
sangt,sangat
acount,akun
skli,sekali
easily,mudah
bekasi,Bekasi
jaringanya,jaringannya
lets,ayo
dicek,diperiksa
directions,petunjuk arah
shows,menunjukkan
kn,kan
kgk,kagak
agustus,Agustus
ak,aku
mapsny,mapsnya
gangku,ganggu
tok,saja
aing,saya
batre,baterai
kebayoran,Kebayoran
local,lokal
direction,petunjuk arah
slu,selalu
urgent,darurat
ksh,kasih
smpek,sampai
im,saya
tsb,tersebut
gods,tuhan
dsni,di sini
test,tes
pik,pantai indah kapuk
just,hanya
perbaikanya,perbaikannya
bagu,bagus
brubah,berubah
jatim,Jawa Timur
show,tampilkan
cant,tidak bisa
bat,sekali
nyangkut,tersangkut
larian,lari
history,riwayat
lalulintas,lalu lintas
gatau,tidak tahu
updatean,pembaruan
jalananya,jalanannya
dmna,di mana
ol,online
ulp,unit layanan pelanggan
binjai,Binjai
mapsberkat,maps berkat
pulng,pulang
unistal,copot pemasangan
pd,pada
reno,Reno
burem,buram
meraka,mereka
mkin,makin
oktober,Oktober
nolong,menolong
instalation,instalasi
bae,saja
ngapa,mengapa
tungu,tunggu
anjay,anjir
adain,adakan
banga,bangga
insyaaloh,insyaallah
reting,peringkat
tingkatin,tingkatkan
ngapain,sedang apa
set,atur
wok,oke
demen,suka
ky,kayak
tembokkalo,tembok kalau
lemotnya,lambatnya
bwt,buat
updat,pembaruan
td,tadi
after,setelah
should,seharusnya
ben,supaya
instead,alih-alih
gaje,tidak jelas
swt,subhanahu wa ta'ala
buatin,buatkan
sruh,suruh
mapssaya,maps saya
taxi,taksi
kirain,dikira
bangus,bagus
kadangkadang,kadang-kadang
mw,mau
yup,ya
jaksel,Jakarta Selatan
lwat,lewat
cikarang,Cikarang
lack,kurang
kosan,kos
tetanga,tetangga
folow,ikuti
dibenerin,diperbaiki
rs,rumah sakit
tangerang,Tangerang
col,panggilan
ruma,rumah
brpa,berapa
taiwan,Taiwan
chat,percakapan
jngan,jangan
resto,restoran
acuration,akurasi
canot,tidak bisa
line,garis
depanya,depannya
maharajo,maharaja
kq,kok
bluetoth,bluetooth
star,bintang
sometimes,terkadang
mr,tuan
rudi,Rudi
ngarah,mengarah
kesesat,tersesat
persingahan,persinggahan
setingan,pengaturan
etol,e-toll
crashdiam,macet diam
option,pilihan
pda,pada
ditahun,di tahun
great,bagus
mulumana,terus mana
pln,PLN
koplak,lucu
kaka,kakak
ngerti,mengerti
penelusuranya,penelusurannya
goegle,Google
palm,palem
trip,perjalanan
every,setiap
team,tim
clean,bersih
always,selalu
consistent,konsisten
updt,pembaruan
boz,bos
ditunjukan,ditunjukkan
nembus,menembus
engak,tidak
je,saja
sound,suara
sich,sih
dikasi,dikasih
la,lah
mh,mas
do,lakukan
brt,berarti
bkn,bukan
bis,bus
mpas,mpasi
dsn,dusun
kenyatan,kenyataan
erortidak,eror tidak
ank,anak
responya,responsnya
butut,jelek
haduh,aduh
oj,jangan
edan,gila
ra,tidak
aplkasi,aplikasi
aplikasih,aplikasi
hapy,happy
oye,oke
mnt,minta
sayasaya,saya saya
gnti,ganti
cba,coba
smpai,sampai
kmn,kemana
maen,main
kelar,selesai
prnh,pernah
gogles,google
walupun,walaupun
bi,biar
gx,tidak
thks,thanks
kntl,kontol
mantule,mantap
arahinya,arahannya
cash,tunai
tlol,tolol
gole,google
v,versi
utuk,untuk
jabar,jawa barat
poke,panggil
ulah,jangan
ti,dari
teh,itu
mintak,minta
kilo,kilometer
mnta,minta
ikn,ibu kota nusantara
terimaksih,terima kasih
tmbah,tambah
game,permainan
coment,comment
neus,news
nsiduhe,tidak terdeteksi
bm,bahan bakar minyak
telpon,telepon
smnjak,semenjak
nambahin,menambahkan
dak,tidak
sprti,seperti
bsgus,bagus
membagongkan,membingungkan
habisin,habiskan
tampa,tanpa
ngebahayain,membahayakan
wel,well
dibawah,di bawah
ngikuti,mengikuti
spt,seperti
pencarianya,pencariannya
sep,september
semuga,semoga
kalu,kalau
chek,check
sndiri,sendiri
sudh,sudah
ampe,sampai
kdang,kadang
tanga,tangga
sbg,sebagai
jendral,jenderal
abg,anak baru gede
seing,sering
jk,jika
pata,patah
mhn,mohon
diotak,di otak
mindahin,memindahkan
nyetir,menyetir
stag,stagnan
muantab,mantap
diy,daerah istimewa yogyakarta
dihp,di ponsel
notif,notifikasi
pelangan,pelanggan
merk,merek
palestine,palestina
kekanan,ke kanan
cs,customer service
blon,belum
dasarblon,dasar belum
sring,sering
akuratkita,akurat kita
sampei,sampai
ngelek,lag
singkron,sinkron
enakan,lebih enak
photo,foto
dimasukan,dimasukkan
dikiri,di kiri
kordinasi,koordinasi
club,klub
atw,atau
aq,aku
dongo,dungu
family,keluarga
segara,segera
gougle,google
lola,lambat
anjg,anjing
mant,mantap
gomaps,google maps
pertanyan,pertanyaan
kemaren,kemarin
elculer,tidak terdeteksi
kec,kecamatan
kab,kabupaten
bapuk,jelek
facebok,facebook
ruko,rumah toko
mengupdate,memperbarui
theres,there is
ngawor,ngawur
rendahdi,rendah di
gandos,mantap
amburadul,berantakan
jo,saja
deb,tidak terdeteksi
ksih,kasih
bosquh,bosku
dikala,di kala
anjink,anjing
kesamping,ke samping
logistic,logistik
kerumah,ke rumah
mengzom,memperbesar
marahin,memarahi
komenya,komentarnya
mg,mungkin
akuratselalu,akurat selalu
woke,oke
sesad,sesat
ngelawan,melawan
orgnya,orangnya
mantapsangat,mantap sangat
terimakasi,terima kasih
beraktifitas,beraktivitas
thx,thanks
bgst,bangsat
pergerakanya,pergerakannya
nonton,menonton
xxz,tidak terdeteksi
mapsearth,maps earth
kmu,kamu
track,jalur
suport,dukungan
sja,saja
tangung,tanggung
kebelakang,ke belakang
random,acak
mlu,melulu
kayanya,kayaknya
gblok,goblok
kelen,kalian
tengara,tanda
gp,tidak terdeteksi
tmpat,tempat
report,lapor
menta,minta
nyatolong,nya tolong
load,muat
omon,ngomong
kemon,come on
abuabu,abu-abu
trbantu,terbantu
pa,apa
kebalikanya,kebalikannya
disekitar,di sekitar
teing,tidak tahu
aki,kakek
diperjalanan,di perjalanan
rutejalan,rute jalan
bufering,buffering
puwas,puas
ned,need
station,stasiun
pangilan,panggilan
nyasering,nya sering
ngulang,mengulang
lokasih,lokasi
histori,riwayat
interface,antarmuka
diliat,dilihat
memory,memori
mentreck,melacak
nyuruh,menyuruh
titikny,titiknya
gos,pergi
emng,memang
menbatu,membantu
plat,pelat
mantp,mantap
geogel,google
diupdet,diperbarui
picture,gambar
mps,maps
ngadat,macet
layananya,layanannya
survey,survei
sekrang,sekarang
ngemaps,menggunakan peta
sasarkan,sesatkan
engk,enggak
kdng,kadang
tambain,tambahkan
gud,good
lenek,tidak terdeteksi
berpungsi,berfungsi
doank,saja
conect,connect
sanagat,sangat
user,pengguna
sharing,berbagi
dupdate,diperbarui
bln,bulan
yok,ayo
sesatin,sesatkan
fastest,tercepat
updates,pembaruan
kost,indekos
loding,memuat
nemuin,menemukan
bermanpat,bermanfaat
lak,tidak terdeteksi
nampilin,menampilkan
pertigan,pertigaan
kemna,kemana
orangorang,orang-orang
godvery,sangat baik
rumh,rumah
bantuany,bantuannya
ngotak,berpikir
lok,lokasi
last,terakhir
gokil,gila
warning,peringatan
remember,ingat
bustruk,bus truk
chatan,obrolan
apus,hapus
benarin,perbaiki
benahin,benahi
aktip,aktif
impormasi,informasi
hpku,ponselku
mleset,meleset
latest,terbaru
didaerah,di daerah
sbgai,sebagai
click,klik
restaurant,restoran
way,jalan
diarah,di arah
berbulanbulan,berbulan-bulan
abdate,update
friends,teman
donlot,unduh
ngulas,mengulas
mabok,mabuk
mafmantabbermartabat,maaf mantap bermartabat
yesd,ya
desert,dessert
direspon,direspons
tifak,tidak
menyesesuaikan,menyesuaikan
apadate,update
mununjukan,menunjukkan
arahkanjangan,arahkan jangan
terikasih,terima kasih
loncatloncat,loncat-loncat
nitik,menandai titik
baguspelayanan,bagus pelayanan
memuaskatsukses,memuaskan sukses
kreta,kereta
lokasinyarute,lokasinya rute
banya,banyak
hahahahambat,hambat
mapsx,mapsnya
naps,maps
aqkura,akurat
dikmpung,di kampung
smua,semua
menungu,menunggu
jauhsering,jauh sering
ngajak,mengajak
muteryang,putar yang
kenapasaya,kenapa saya
unstal,copot pemasangan
belm,belum
mbuat,membuat
kelabakan,bingung
dmn,dimana
pekerjanku,pekerjaanku
onlinesangat,daring sangat
bail,baik
akunkorban,akun korban
tersesatdan,tersesat dan
gemoy,lucu
reward,penghargaan
tapih,tapi
beriratingaplikasin,beri rating aplikasi
itengahkan,tengahkan
sherloknya,bagikan lokasinya
mengkaitkan,mengaitkan
kapok,jera
pembaruhan,pembaruan
alamt,alamat
jita,kita
mencsri,mencari
ngeluh,mengeluh
altrenatif,alternatif
kadan,kadang
fre,free
bangt,banget
bangetsangat,banget sangat
okbos,oke bos
treak,trek
ngeblang,blank
fi,wi-fi
dobel,ganda
jalangak,jalan tidak
mapterima,peta terima
berguan,berguna
perbaruiya,perbaruinya
maspnya,peta nya
pt,perseroan terbatas
mendowload,mengunduh
mengapdate,memperbarui
didownload,diunduh
males,malas
mengapgreat,memperbarui
terpecaya,terpercaya
stop,berhenti
jogja,yogyakarta
pakain,pakaian
dilokasi,di lokasi
dalm,dalam
bingungperbaiki,bingung perbaiki
routenya,rutenya
nyusahintolong,menyusahkan tolong
jelasmaps,jelas peta
jalanketingalan,jalan ketinggalan
jauhdisuruh,jauh disuruh
tembokmasa,tembok masa
nabrak,menabrak
perbaruhimasak,perbarui masak
gojekemang,gojek memang
bergunatak,berguna tidak
suru,suruh
ege,kamu
jauj,jauh
memudakan,memudahkan
ainya,ai-nya
mengkontrol,mengontrol
software,perangkat lunak
koding,pengodean
kodenyanote,kodenya catatan
kebiasanya,kebiasaannya
pkerja,pekerja
h,jam
bermnfat,bermanfaat
insyalah,insyaallah
forced,dipaksa
ngacoakurasi,kacau akurasi
lokasikmren,lokasi kemarin
wktu,waktu
terusnyesel,terus menyesal
jdinya,jadinya
bukacuma,buka cuma
hapened,happened
couldnt,could not
curent,current
maximtolong,maxim tolong
engkeltruck,engkel truk
sndirimohon,sendiri mohon
bagustetapi,bagus tetapi
airbeserta,air beserta
ketingian,ketinggian
airnyajadi,airnya jadi
telang,telan
jalananrute,jalanan rute
kewarna,ke warna
bangetjalan,banget jalan
msuk,masuk
kgtu,begitu
trsesat,tersesat
aloh,allah
acen,tidak terdeteksi
tepatdan,tepat dan
drivernya,pengemudinya
impruf,peningkatan
persimpel,simpel
ruwed,rumit
bru,baru
inget,ingat
tba,tiba
pantesan,pantas saja
apdetnya,pembaruannya
kpn,kapan
mahalpadahal,mahal padahal
updateudh,perbarui sudah
ii,dua
akomodir,akomodasi
trtap,tetap
perbaikidi,perbaiki di
dena,denah
permaneb,permanen
menjrumuskan,menjerumuskan
cursor,kursor
pombensin,pom bensin
okeh,oke
ngebleng,blank
mobilmobil,mobil-mobil
lvdan,lv dan
sampi,sampai
wae,saja
smarisaviana,smari saviana
tik,titik
akuratarahnya,akurat arahnya
diputarkan,diputar
kenpa,kenapa
goglegogle,google google
mhon,mohon
muterx,mutarnya
ig,instagram
fladafdal,tidak terdeteksi
ketingala,ketinggalan
sumatera,sumatra
dulukenapa,dulu kenapa
yatolong,ya tolong
mblasuhke,menyesatkan
responding,merespons
keran,keren
ginta,ganti
paritselokan,parit selokan
ramahpokok,ramah pokok
dehanak,deh anak
yach,ya
hpus,hapus
tourism,pariwisata
lelelt,lelet
kacauarah,kacau arah
yaini,ya ini
sedikitdan,sedikit dan
tang,datang
city,kota
lemotpanah,lambat panah
bernafigasi,bernavigasi
bugnya,celanya
loker,lowongan kerja
nyasayang,nya sayang
ojoltolong,ojek daring tolong
mapsbanyak,peta banyak
gpsdengan,gps dengan
jogyakarta,yogyakarta
berkonstribusi,berkontribusi
disaat,di saat
perjalanantrimakasih,perjalanan terima kasih
sekalitingkatkan,sekali tingkatkan
nyaaq,nya aku
perboden,verboden
yasagat,ya sangat
bgsd,bangsat
bulak,bolak
udahbaik,sudah baik
record,rekaman
keamananya,keamanannya
dng,dengan
berhentistanby,berhenti siaga
kangen,rindu
setengahsetengah,setengah-setengah
diaplikasi,di aplikasi
omam,tidak terdeteksi
titiktolong,titik tolong
akuratkarna,akurat karena
jauhmenyesatkan,jauh menyesatkan
donwload,unduh
ngoco,ngacau
bergunah,berguna
blue,biru
dot,titik
kulon,barat
akurt,akurat
streat,jalan
disesatin,disesatkan
matamata,mata-mata
sangatembantu,sangat membantu
shibal,sialan
petanyagogle,peta google
stabilkarna,stabil karena
trontonbus,tronton bus
rekomen,rekomendasi
gc,gerak cepat
kehambat,terhambat
kuatin,perkuat
ayas,saya
upas,tidak terdeteksi
lolo,lola
ngadonglod,mengunduh
gopet,tidak terdeteksi
gelo,gila
ngabisin,menghabiskan
gonta,ganti
dipeta,di peta
handset,pelantang telinga
routing,perutean
driveraplikasi,pengemudi aplikasi
pulikan,pulihkan
shareloc,bagikan lokasi
sanhat,sangat
hsilnya,hasilnya
crazy,gila
though,meskipun
distance,jarak
gets,mendapat
further,lebih jauh
membantutlg,membantu tolong
abal,abal-abal
gta,grand theft auto
opmom,tidak terdeteksi
maksoh,maksud
onlinengaruh,daring pengaruh
sayatolong,saya tolong
qualitas,kualitas
rusakdibawa,rusak dibawa
ratingnya,peringkatnya
lemotkalibrasi,lambat kalibrasi
akuratsampai,akurat sampai
mola,mula
anyel,kesal
wasalamualaikum,assalamualaikum
gogopower,gogo power
mudasekali,mudah sekali
garagara,gara-gara
titiktanda,titik tanda
duradaniduta,tidak terdeteksi
bq,tidak terdeteksi
example,contoh
kecilsejenis,kecil sejenis
aylaharus,ayolah harus
kontor,kantor
kemudan,kemudian
btg,batang
gd,gede
smngat,semangat
brengsek,berengsek
disekitarnya,di sekitarnya
tangsel,tangerang selatan
kalibasi,kalibrasi
persemester,per semester
tentukantambah,tentukan tambah
malh,malah
sihmasa,sih masa
kopas,salin tempel
jelastujuan,jelas tujuan
hadehgmn,aduh bagaimana
begitumending,begitu lebih baik
fermom,tidak terdeteksi
kelihatanya,kelihatannya
akurattelat,akurat terlambat
belokngacobelok,belok ngaco belok
mobilmotororangdengan,mobil motor orang dengan
manualseperti,manual seperti
education,pendidikan
kecilin,perkecil
almakhdi,al mahdi
visit,kunjung
hair,rambut
pleasure,senang
grets,bagus
warmly,hangat
space,ruang
fels,terasa
cozy,nyaman
kepental,terlempar
aslinyaparah,aslinya parah
mengada,mengada-ada
ngadatitik,mengada titik
akurattitik,akurat titik
zsetelah,setelah
cal,panggil
ternyanta,ternyata
menitjauh,menit jauh
desakarena,desa karena
awesome,luar biasa
excelent,unggul
felem,film
boke,tidak punya uang
prentejau,pratinjau
didowload,diunduh
tebaktebakan,tebak-tebakan
datangiini,datangi ini
luarbiasa,luar biasa
toadi,tadi
music,musik
kelasik,klasik
pasbanget,pas banget
point,titik
bangunanaku,bangunan aku
nilaseandainy,nila seandainya
turung,turun
lokasiadaka,lokasi adakah
masala,masalah
kembalin,kembalikan
tebaek,terbaik
peremajan,peremajaan
initerim,ini terima
narusuki,tidak terdeteksi
updatetempat,perbarui tempat
jugadi,juga di
dlo,dahulu
pua,puas
nuntut,menuntut
seakam,seakan
numpang,menumpang
pokona,pokoknya
sensara,sengsara
buk,bukan
polantas,polisi lalu lintas
gadoh,gaduh
seringsting,sering seting
mobilbanyak,mobil banyak
sesatyg,sesat yang
kecelakanklu,kecelakaan kalau
mang,abang
mobiljng,mobil jangan
stng,setengah
kakipercuma,kaki percuma
digunakanhapus,digunakan hapus
stingan,setelan
jelasmenghindari,jelas menghindari
fatalsoalnya,fatal soalnya
nyawatolong,nyawa tolong
tlng,tolong
bisq,bisa
olaragamembut,olahraga membuat
coneksi,koneksi
aplikainya,aplikasinya
bsnya,bisanya
blg,bilang
plg,paling
jembut,rambut kemaluan
membantubyk,membantu banyak
kerta,kereta
busjalan,bus jalan
jelekini,jelek ini
dihadrikan,dihadirkan
ds,desa
somber,sumber
butong,tidak terdeteksi
tenjuy,tidak terdeteksi
kemajuany,kemajuannya
tadiny,tadinya
skg,sekarang
mis,tidak terdeteksi
scoter,skuter
available,tersedia
wkwkwk,tertawa
mesih,masih
mines,minus
toping,puncak
jlanya,jalannya
angat,sangat
topks,tidak terdeteksi
mamtep,mantap
ngarahno,mengarahkan
marai,membuat
teresat,tersesat
naon,apa
ora,tidak
ramadhan,ramadan
oksiap,oke siap
biliard,biliar
inimasih,ini masih
dreammungkin,mimpi mungkin
terbarusemoga,terbaru semoga
kalulintas,lalu lintas
warahmatulahi,warahmatullahi
akuratmohon,akurat mohon
perbaharuitks,perbarui terima kasih
sengat,sangat
file,berkas
costumer,pelanggan
discrol,gulir
dinaikan,dinaikkan
payahtidak,payah tidak
duludulu,dulu-dulu
dsuruh,disuruh
asalamu,assalamu
ustadzsafat,ustaz safat
parahmasa,parah masa
jggk,juga
sekalk,sekali
jib,wajib
sukak,suka
mengambar,menggambar
betujajar,batujajar
sbagai,sebagai
paint,lukis
bal,bola
bkln,bakalan
setlah,setelah
jalantitik,jalan titik
ksana,ke sana
kmari,ke mari
sh,sih
jelasktika,jelas ketika
nymap,mengepeta
ktujuan,ke tujuan
ksulitan,kesulitan
ergetakan,pergerakan
spedy,cepat
means,berarti
enjoy,menikmati
delicious,lezat
prefer,lebih suka
comfortable,nyaman
evening,malam
kuran,kurang
jink,anjing
bangettolong,banget tolong
kotaperkampungan,kota perkampungan
masbro,mas bro
yuy,ya
apain,apakan
yuju,tuju
kada,kadang
manakadang,mana kadang
daf,daftar
strategisdan,strategis dan
sekalisukses,sekali sukses
depanyatrims,depannya terima kasih
mbuh,tidak tahu
dark,gelap
automatis,otomatis
disemua,di semua
san,sana
berinterner,berinternet
serlokan,berbagi lokasi
nangis,menangis
tl,timeline
bangsad,bangsat
dpakai,dipakai
dikuti,diikuti
komplekgang,kompleks gang
lgsg,langsung
erordi,eror di
mapsgmn,peta bagaimana
erorstaf,eror staf
perwautan,perawatan
masge,pesan
bosen,bosan
updtae,perbarui
hilangtolong,hilang tolong
tololmaps,tolol peta
nypayah,nya payah
jauhinga,jauh tidak
apaapan,apa-apaan
istiqomah,istikamah
yari,cari
ajng,anjing
lagih,lagi
kuarang,kurang
gerakgerak,gerak-gerak
pekoksalah,bodoh salah
cashles,nontunai
fodcourt,pusat jajanan
kendalakadang,kendala kadang
kadangngal,kadang ngal
sekaliapknya,sekali aplikasinya
salahterlalu,salah terlalu
kroscek,pemeriksaan silang
borzo,tidak terdeteksi
membambatu,membantu
donglot,unduh
vuv,tidak terdeteksi
hgv,tidak terdeteksi
jvj,tidak terdeteksi
cks,cek
alamatkhususnya,alamat khususnya
usha,usaha
syayang,sayang
gogleyoutubefacebokinstagram,google youtube facebook instagram
snackdan,camilan dan
atmamadu,atma madu
penuhtolong,penuh tolong
problem,masalah
makai,memakai
saluler,seluler
daratlaut,darat laut
gordenya,gordennya
asesoris,aksesori
laporin,laporkan
diapain,diapakan
gimanah,bagaimana
yagugel,ya google
ksel,kesal
syeh,syekh
rtrtegalsari,rt rw tegalsari
wetan,timur
mantabakurat,mantap akurat
jelasgk,jelas tidak
pemberhentiankurang,pemberhentian kurang
akurasibagus,akurasi bagus
sajasignal,saja sinyal
stabilklo,stabil kalau
pulagmna,pula bagaimana
kade,awas
nyilakakeun,mencelakakan
batur,orang lain
tina,dari
gunakeun,gunakan
pangabisa,keahlian
jeung,dan
kapercayaan,kepercayaan
bisi,takut
neungar,menabrak
apes,sial
cares,peduli
tris,terima kasih
lgih,lagi
gwa,saya
dperbaharui,diperbarui
oks,oke
angrek,anggrek
hap,tangkap
loga,tidak terdeteksi
ololo,tidak terdeteksi
oel,tidak terdeteksi
olo,tidak terdeteksi
omolomol,tidak terdeteksi
capital,modal
hsa,tidak terdeteksi
useles,tidak berguna
jauhmakin,jauh makin
benr,benar
mapsudh,peta sudah
ush,usaha
bikinmalh,bikin malah
ruetmaps,ruwet peta
matp,mantap
brmutuakurasi,bermutu akurasi
trusudh,terus sudah
akuratbikin,akurat bikin
trbaik,terbaik
nay,tidak
ajagimana,saja bagaimana
goglenya,google-nya
sempurnayg,sempurna yang
lh,lah
tujuterima,tuju terima
mapsyou,peta kamu
bitanglima,bintang lima
mlemcengnya,melencengnya
membantusaya,membantu saya
kurng,kurang
mambantu,membantu
bauk,bau
mapssangatsangat,peta sangat-sangat
derver,pengemudi
pebaiki,perbaiki
ktepatan,ketepatan
keakuratanya,keakuratannya
hs,hasil
los,lepas
fts,tidak terdeteksi
nahan,menahan
mso,tidak terdeteksi
eid,idul
base,dasar
own,sendiri
checkin,masuk
hearts,hati
malemnya,malamnya
terkahir,terakhir
tulisanya,tulisannya
pncarian,pencarian
trbarupoko,terbaru pokok
trimaksih,terima kasih
apelikasi,aplikasi
baiklihat,baik lihat
stlh,setelah
pedesandusun,pedesaan dusun
sal,salah
sieyes,si ya
nyaranin,menyarankan
belak,belakang
aohd,tidak terdeteksi
nyagk,nya tidak
arahpdhal,arah padahal
sengah,setengah
msih,masih
libuh,tidak terdeteksi
singah,singgah
mape,peta
maximal,maksimal
bgi,bagi
terhubungeror,terhubung eror
kendaranwis,kendaraan wis
alternative,alternatif
seorg,seorang
selrang,sekarang
sekrng,sekarang
nempatin,menempatkan
huhu,sedih
syfa,syifa
smoga,semoga
shf,tidak terdeteksi
chanel,kanal
senamg,senang
macetsekarang,macet sekarang
akuratmacet,akurat macet
cwk,cewek
untukmengetahui,untuk mengetahui
yogya,yogyakarta
waw,wah
inibagus,ini bagus
wong,orang
menjalan,menjalani
mulupetunjuk,melulu petunjuk
yamasih,ya masih
bayak,banyak
perbaikipecatin,perbaiki pecati
bagusmap,bagus peta
pancen,memang
josbs,bagus
menyelesaikam,menyelesaikan
bermalsalah,bermasalah
semuah,semua
satbkita,saat kita
perakat,perangkat
nyar,nyaris
dimotor,di motor
didiemin,didiamkan
disebrang,di seberang
ptunjuk,petunjuk
sinyaltolong,sinyal tolong
salahsalah,salah-salah
kuwalitas,kualitas
memantu,membantu
belokin,belokkan
kuranga,kurang
rekom,rekomendasi
kulitasnya,kualitasnya
aprove,setuju
musingin,memusingkan
display,tampilan
tiknya,titiknya
inigimana,ini bagaimana
ancor,hancur
thebest,terbaik
achmad,ahmad
sistemreport,sistem laporan
smg,semoga
butah,butuh
filter,saring
updatekarena,perbarui karena
lalumohon,lalu mohon
nyauntuk,nya untuk
tingalpihak,tinggal pihak
mantabs,mantap
diseting,disetel
operate,operasikan
ngx,ngaco
aplikasimasa,aplikasi masa
jauhdi,jauh di
ngacotolong,ngaco tolong
dongtolong,dong tolong
responyasudah,responsnya sudah
kecelakantolong,kecelakaan tolong
sebelahterimakasih,sebelah terima kasih
almtnya,alamatnya
mebelusuri,menelusuri
ngantor,bekerja di kantor
bergerakhampir,bergerak hampir
perjln,perjalanan
explorenya,eksplorasinya
mks,terima kasih
sekai,sekali
muhamad,muhammad
satuinta,satu minta
terimakasihsaya,terima kasih saya
dimanakebanyakan,dimana kebanyakan
pujan,pujian
hilanq,hilang
lolot,lambat
krg,kurang
terkinci,terkunci
terburuburu,terburu-buru
oo,oh
setres,stres
impresed,terkesan
provided,menyediakan
sprinkler,penyiram
both,keduanya
eficient,efisien
durable,tahan lama
ensuring,memastikan
garden,kebun
receives,menerima
water,air
coverage,cakupan
pindahpindah,pindah-pindah
folowing,mengikuti
folower,pengikut
sj,saja
tulul,tolol
memlih,memilih
lokasisudsh,lokasi sudah
postingtapi,unggah tapi
gahu,tahu
pep,tidak terdeteksi
bavus,bagus
barberbroer,barber bro
udeh,sudah
sinting,gila
guatel,gatal
iki,ini
njiot,ambil
ngango,pakai
mubeng,berputar
dst,dan seterusnya
afgret,perbarui
bigung,bingung
mapssdh,peta sudah
yo,ya
caray,caranya
hy,hai
cvg,tidak terdeteksi
nuju,menuju
gmana,bagaimana
kuyu,tidak terdeteksi
gy,tidak terdeteksi
mogaberkahpanjangumur,moga berkah panjang umur
peraturanya,peraturannya
trukdengan,truk dengan
tujutetapi,tuju tetapi
mapsyang,peta yang
pribadikenapa,pribadi kenapa
jalurnyasebab,jalurnya sebab
akhirini,akhir ini
angkot,angkutan kota
biasaswastanonmikrotrans,biasa swasta nonmikrotrans
also,juga
faeil,gagal
jug,juga
sdbelakang,sd belakang
sekakilabuh,sekali labuh
timurada,timur ada
barangtrimakasih,barang terima kasih
vhvhbhbv,tidak terdeteksi
sgnal,sinyal
jalanketik,jalan ketik
trucks,truk
large,besar
cars,mobil
thatso,jadi
dont,jangan
mistake,salah
private,pribadi
regular,reguler
lane,jalur
there,ada
prohibitions,larangan
pased,lewati
duluh,dahulu
upgret,perbarui
menajupkan,menakjubkan
tamhab,tambah
ngegrab,narik ojek
sm,sama
pending,tertunda
slama,selama
liatnya,lihatnya
membant,membantu
drive,mengemudi
adres,alamat
losdol,bebas
dlsbnya,dan lain sebagainya
maptanpa,peta tanpa
andabanyak,anda banyak
bague,bagus
mengarahkanku,mengarahkan aku
stw,setengah tua
pesbuk,facebook
nene,nenek
demoy,lucu
lokasiudah,lokasi sudah
dipostingtapi,diunggah tapi
ngeliatin,melihat
menmbuka,membuka
imel,email
hilanh,hilang
memperhambat,menghambat
lai,lain
enda,tidak
penyebx,penyebabnya
dabra,tidak terdeteksi
aktuf,aktif
bintangnyalagi,bintangnya lagi
bintanggk,bintang tidak
pesawahan,persawahan
dilaluimakin,dilalui makin
begok,bodoh
uptimal,optimal
updateasu,perbarui bajingan
custamer,pelanggan
cepatterima,cepat terima
kasihtolong,kasih tolong
sistemnyasama,sistemnya sama
jordo,tidak terdeteksi
casimo,tidak terdeteksi
mapsa,peta
jaranya,jaraknya
belibet,belit
dimasukin,dimasukkan
worth,layak
ero,eror
bermasalh,bermasalah
perhatiakn,perhatikan
bagen,biarin
ngacobikin,ngaco bikin
perjelaskan,perjelas
tenteng,tentang
semkin,semakin
ajip,mantap
lw,lu
lenot,lambat
bagusramah,bagus ramah
lamamakin,lama makin
kuarng,kurang
wwxcom,tidak terdeteksi
bek,kembali
nan,yang
syh,saya
dioktimalkn,dioptimalkan
updatetiap,perbarui tiap
tkw,tenaga kerja wanita
malaysis,malaysia
opsionel,opsional
mgrtahui,mengetahui
pantura,pantai utara
rekomeded,direkomendasikan
bujanglah,bujang lah
menjengkrlkan,menjengkelkan
putarnga,putarnya
tergangumembuat,terganggu membuat
membatal,membatalkan
mapskenpa,maps kenapa
auka,suka
aplikasin,aplikasi
maching,matching
burukga,buruk kah
fuldi,full di
burukblm,buruk belum
bngtsebelum,banget sebelum
buruktiba,buruk tiba
lahblm,lah belum
ilangdi,hilang di
lemotmlh,lemot malah
jlnbikin,jalan bikin
bngrt,banget
okdeh,oke deh
senaknya,seenaknya
image,gambar
menyenangakan,menyenangkan
suitable,cocok
wearing,memakai
walking,berjalan
agarberotahukan,agar beritahukan
padaendekati,pada mendekati
akir,akhir
lemotbikin,lemot bikin
perjalanansemoga,perjalanan semoga
baiktrm,baik terima kasih
haribosen,hari bosan
lambatbikin,lambat bikin
mapjadi,map jadi
ole,oleh
auto,otomatis
babik,babi
terkdang,terkadang
nyasab,nyasar
akuray,akurat
tempst,tempat
wheres,di mana
delate,hapus
ubdate,update
munculhilang,muncul hilang
dimanaperbaiki,di mana perbaiki
apansetiap,apaan setiap
mapsy,maps-nya
perbedan,perbedaan
hbs,habis
aslisetelah,asli setelah
sherlokasi,share lokasi
jauhtidak,jauh tidak
pentunjuk,petunjuk
sorum,showroom
onlinekasi,online lokasi
silver,perak
gold,emas
payment,pembayaran
physical,fisik
kuitan,kuitansi
loe,kamu
comen,komen
ranting,rating
rendahterus,rendah terus
tujuantapi,tujuan tapi
adataunya,ada taunya
banyakkeren,banyak keren
pokokny,pokoknya
gosen,go-send
putarputar,putar-putar
keasal,ke asal
nerat,berat
berati,berarti
perjalann,perjalanan
yamohon,ya mohon
nyarinya,mencarinya
membagokan,membagongkan
nafigasi,navigasi
loncatnga,loncatnya
wargamalah,warga malah
lagitolong,lagi tolong
handle,menangani
care,peduli
masage,pijat
bangke,bangkai
josmembantu,jos membantu
medetiksi,mendeteksi
kerjokra,kerja kah
muterrupanya,berputar rupanya
akuratmengingat,akurat mengingat
hncrmkin,hancur makin
lambatkenapa,lambat kenapa
berkalbrasi,berkalibrasi
pengelolan,pengelolaan
dengna,dengan
kecilgang,gang kecil
ngikutmalah,mengikuti malah
dpn,depan
tsbitu,tersebut itu
akes,akses
maluin,memalukan
membanti,membantu
padhl,padahal
sakow,salah
nyabahkan,nya bahkan
thxs,terima kasih
cepatjln,cepat jalan
sinkronise,sinkronisasi
fin,akhir
couch,pelatih
linkungan,lingkungan
menghargaibyg,menghargai yang
frenly,ramah
setalah,setelah
ngomongin,membicarakan
manteng,panteng
membantucuma,membantu cuma
sambungin,sambungkan
nyesatin,menyesatkan
apik,bagus
douwloade,download
crita,cerita
forest,hutan
crosing,persimpangan
bridge,jembatan
told,dikatakan
turn,belok
left,kiri
kiding,bercanda
dead,mati
keblowok,terperosok
kekuranganya,kekurangannya
ngeleknya,lag-nya
bangakan,banggakan
pengupgradetan,pembaruan
gapeka,tidak peka
madih,masih
focus,fokus
ngambang,mengambang
desisuci,desi suci
hutantempat,hutan tempat
kuburanrumah,kuburan rumah
yosh,siap
adminya,adminnya
semogake,semoga ke
kasik,kasih
slah,salah
memebatu,membantu
gendala,kendala
petunjung,petunjuk
leding,loading
berharihari,berhari-hari
kmnya,kilometer-nya
rudet,rumit
menyulit,menyulitkan
wlaupun,walaupun
ubdet,update
arak,jarak
mudahkan,memudahkan
terkendalitop,terkendali top
centre,pusat
safety,keamanan
stack,stuck
goglemapnya,google maps-nya
operacional,operasional
metah,mentah
going,pergi
far,jauh
driving,mengemudi
jajal,coba
tanahkacau,tanah kacau
kecepit,terjepit
kecapean,kelelahan
mongo,mangga
sinten,siapa
mawon,saja
bagusmasa,bagus masa
mapselalu,map selalu
oderan,orderan
mayanlah,lumayan
perkilonya,per kilometer
anakjalan,anak jalan
penganguran,pengangguran
parahdn,parah dan
bgini,begini
updatetp,update tapi
tempatga,tempat tidak
lalugimana,lalu bagaimana
alamin,alami
dubupdate,di-update
mapsnyakadang,maps-nya kadang
muluterimakasi,mulu terima kasih
rtrw,rt rw
thun,tahun
taikj,tahi
sifa,sifat
sprt,seperti
membantuuntuk,membantu untuk
initrimakasigogle,ini terima kasih google
sekqli,sekali
memuaskanfasilitasnya,memuaskan fasilitasnya
knph,kenapa
ditepi,di tepi
oksat,oke satu
lokasilokasi,lokasi-lokasi
maintence,maintenance
performent,performance
drivermana,driver mana
request,permintaan
ngingetin,mengingatkan
pengertianya,pengertiannya
toplah,mantaplah
apliaksi,aplikasi
fery,feri
bulanya,bulannya
sumorai,samurai
bangethasilnya,banget hasilnya
oktimal,optimal
muluterus,mulu terus
perna,pernah
sasar,nyasar
viuew,view
bergunadan,berguna dan
menujukan,menunjukkan
akuratmantaf,akurat mantap
seterah,terserah
mbuka,membuka
pera,peta
bertanga,bertanya
motorkonyol,motor konyol
syibal,shibal
karan,karena
tipi,tv
berkerja,bekerja
syuka,suka
puluhmata,puluh mata
jelastolong,jelas tolong
bukamnya,bukannya
poxyxnx,posisinya
benarklo,benar kalau
cave,gua
karoke,karaoke
ahahaha,tertawa
umatanusia,umat manusia
vanila,vanilla
goegel,google
mepnya,map-nya
bosokselalu,busuk selalu
lemotemang,lemot memang
pertahun,per tahun
bili,beli
hartonosetelah,hartono setelah
sayaelculer,saya elculer
berfungi,berfungsi
baiksetelah,baik setelah
tangug,tanggung
jwbmalah,jawab malah
disuru,disuruh
hartonoko,hartono kok
tahunini,tahun ini
br,baru
berfungsjd,berfungsi jadi
ansuransi,asuransi
cm,cuma
abalsaya,abal saya
ngalami,mengalami
sesuoi,sesuai
plywod,plywood
terbarutolong,terbaru tolong
bisabisanya,bisa-bisanya
dijakarta,di jakarta
oce,oke
lemottitik,lemot titik
unutuk,untuk
padah,padahal
gogjob,good job
perbahatui,perbarui
mapsoke,maps oke
menyeluruhdi,menyeluruh di
itukan,itu kan
lamamasa,lama masa
story,cerita
heals,sembuh
salu,selalu
banyaksemangat,banyak semangat
apliasi,aplikasi
lumaya,lumayan
aplikas,aplikasi
spofing,spoofing
dapetyn,dapetin
amyien,amin
bekerjaj,bekerja
kotraktor,kontraktor
sekola,sekolah
sapingan,sampingan
lmot,lemot
doesnt,tidak
know,tahu
placesthis,tempat ini
often,sering
distances,jarak
relaxsuch,santai seperti
vacation,liburan
spots,titik
jalankarena,jalan karena
pitur,fitur
kemnain,kemarin
copy,salin
manamaps,mana maps
alikasinya,aplikasinya
mulaikan,mulai kan
eroran,error-an
mendeskripsi,mendeskripsikan
scrotomatis,secara otomatis
hamble,rendah hati
menguntungkanapalagi,menguntungkan apalagi
menaikan,menaikkan
updatemasih,update masih
adamasa,ada masa
mobillewat,mobil lewat
celeh,jelek
kerjaq,kerjaku
anjeng,anjing
titiknyasering,titiknya sering
utangwkwkwk,utang (tertawa)
ujan,hujan
ganguanparah,gangguan parah
ilangan,hilangan
arahmya,arahnya
kendara,kendaraan
bwrhenti,berhenti
oktempat,oke tempat
punyakublas,punyaku sama sekali
rendahtolong,rendah tolong
ngekres,crash
bertahuntahun,bertahun-tahun
voice,suara
sasarankurang,sasaran kurang
mapspaling,maps paling
mapsbikin,maps bikin
realmie,realme
lamacman,lama cuma
bisapdahal,bisa padahal
lohdgn,loh dengan
rest,istirahat
peaceling,peace link
gangikutin,tidak mengikuti
lemotpeta,lemot peta
akurattanda,akurat tanda
ketingalanbagaimana,ketinggalan bagaimana
perbaikimap,perbaiki map
ngaur,ngaco
nembanty,membantu
diakurasi,di akurasi
apkniat,aplikasi niat
nyasarmotor,nyasar motor
jalanpersimpangan,jalan persimpangan
shg,sehingga
ngih,iya
amien,amin
suda,sudah
terzom,ter-zoom
gtw,tidak tahu
kyak,kayak
aktifcuman,aktif cuma
aga,agak
akuratmakin,akurat makin
seupdate,se-update
mutarin,memutarkan
nerobos,menerobos
nyatitik,nya titik
blonnyebelin,belum menyebalkan
nyalari,mencari
titiknyamohon,titiknya mohon
aqu,aku
wort,worth
strastegis,strategis
waow,wow
langsungtitik,langsung titik
ngelaggakbisa,lag tidak bisa
melangar,melanggar
emptan,empatan
card,kartu
ngacomilih,ngaco memilih
jauhnyusahin,jauh menyusahkan
mapklo,map kalau
perbodenbikin,verboden bikin
nonon,nonton
yan,yang
bags,bagus
oktapi,oke tapi
elek,jelek
koyo,seperti
telek,tahi
jalansukses,jalan sukses
dbenahitrims,dibenahi terima kasih
gelapin,gelapkan
hitamin,hitamkan
terusbikin,terus bikin
inidisediakan,ini disediakan
ekpedisi,ekspedisi
niagapengangkut,niaga pengangkut
disebagian,di sebagian
honest,jujur
advice,nasihat
lock,kunci
helped,membantu
chose,memilih
apropriate,sesuai
neighborhod,lingkungan
without,tanpa
overspending,boros
unecesary,tidak perlu
basicaly,dasarnya
akuratga,akurat tidak
akuram,akurat
ksi,kasih
pokonya,pokoknya
ciptain,ciptakan
benerrute,benar rute
mapada,map ada
gokilgacor,gila hebat
bisahanya,bisa hanya
liminasa,linimasa
ngestak,stuck
tingitolong,tinggi tolong
lumayanlahsampai,lumayanlah sampai
trimakasi,terima kasih
pernh,pernah
ngebab,nge-bug
bajungan,bajingan
koe,kamu
daduke,dadaku
terdekan,terdekat
lik,suka
ge,saja
kenak,kena
terdeksicontoh,terdeteksi contoh
delainya,delay-nya
benerlah,benarlah
sdkit,sedikit
membantumkasih,membantu terima kasih
muktahir,mutakhir
salamunalaikum,assalamualaikum
bimashobartum,bima shobartum
lemayan,lumayan
ngacoorang,ngaco orang
health,kesehatan
screning,skrining
routine,rutin
here,di sini
early,awal
identification,identifikasi
treatment,pengobatan
depresion,depresi
anxiety,kecemasan
improves,meningkatkan
outcomes,hasil
tingimarker,tinggi marker
samsungtolong,samsung tolong
langanan,langganan
membatalkanya,membatalkannya
baguz,bagus
fugus,fokus
nei,ini
mamantap,mantap
heror,error
diriwayatnya,di riwayatnya
ganglebih,gang lebih
petunjuknyasering,petunjuknya sering
kebanyakankeseringan,kebanyakan keseringan
terusterima,terus terima
batrey,baterai
tersendatsendat,tersendat-sendat
walopun,walaupun
petanyaputih,petanya putih
mncari,mencari
diperkukn,diperlukan
gausah,tidak usah
servise,servis
cucikipas,cuci kipas
anginmegicomsetrikakompor,angin magiccom setrika kompor
gasdl,gas dll
lahi,lagi
au,aku
tengkyu,terima kasih
experience,pengalaman
tour,wisata
yutube,youtube
bagusbisa,bagus bisa
kadangtidak,kadang tidak
lokasikacau,lokasi kacau
bisakasik,bisa kasih
bales,balas
lainbiar,lain biar
ex,mantan
omongkan,bicarakan
bingits,banget
excelen,bagus sekali
orderanya,orderannya
rutenta,rutenya
jamesnya,james-nya
ramahcareful,ramah hati-hati
nyesal,menyesal
kesinj,ke sini
bt,bete
jalansebdiri,jalan sendiri
meleng,lengah
meningal,meninggal
dip,di
pembaruanbenerin,pembaruan perbaiki
kwalitas,kualitas
menyesat,menyesatkan
nyerong,menyerong
propinsi,provinsi
gogrl,google
memahamiya,memahaminya
teriakasi,terima kasih
yagk,yang tidak
sinya,sinyal
hilangadakah,hilang adakah
gaguna,tidak berguna
reasonable,masuk akal
prices,harga
dirumah,di rumah
terburukgw,terburuk saya
mapsselalu,maps selalu
kale,kali
amu,kamu
trouble,masalah
nda,tidak
sesalu,selalu
disetiap,di setiap
membutuhkanyan,membutuhkannya
sukatingkatkan,suka tingkatkan
makacih,terima kasih
memhantu,membantu
asik,asyik
bahat,banget
csindodax,cs indodax
bantuanoioss,bantuan ios
pinginya,inginnya
bossupaya,bos supaya
aktifin,aktifkan
muhamariy,muhamadiyah
tea,teh
bngst,bangsat
lemotmasa,lemot masa
kala,kalah
pegimanah,bagaimana
nafkahsesuap,nafkah sesuap
jugaayolah,juga ayolah
persulitsaya,persulit saya
ska,suka
tempatlokasi,tempat lokasi
jelak,jelek
sekaeang,sekarang
nyasartolong,nyasar tolong
banyk,banyak
komplen,komplain
twrimaksih,terima kasih
ditangapi,ditanggapi
nembantu,membantu
jlas,jelas
smga,semoga
lakujan,lakukan
persawahantolong,persawahan tolong
lagitrims,lagi terima kasih
mengunakn,menggunakan
aktifasi,aktivasi
nguasai,menguasai
perjlnan,perjalanan
reliable,andal
gives,memberikan
conditions,kondisi
daily,harian
soresaya,sore saya
pengunakemarin,pengguna kemarin
tengelam,tenggelam
begiru,begitu
swtiap,setiap
ufgrade,upgrade
rutelokasi,rute lokasi
perencanan,perencanaan
imi,ini
petunkuk,petunjuk
nam,nama
gmapsnya,gmaps-nya
baikakurat,baik akurat
qu,aku
percoban,percobaan
pelayanya,pelayannya
istimasi,estimasi
sajamksh,saja terima kasih
infor,informasi
simpanganbeberapa,simpangan beberapa
ngikut,mengikuti
sempurns,sempurna
menc,mencari
satisfied,puas
much,banyak
mapsmya,maps-nya
makah,maka
pengaturanya,pengaturannya
jelekmasih,jelek masih
iokasi,lokasi
bagusmembantu,bagus membantu
yasetiap,ya setiap
hugs,pelukan
mn,mana
luwarjawa,luar jawa
jalangang,jalan gang
melengseng,melenceng
pelangaran,pelanggaran
center,pusat
berubahubah,berubah-ubah
before,sebelum
diperbaikin,diperbaiki
tlat,telat
myusuf,m yusuf
sekalai,sekali
updatejlntutup,update jalan tutup
masihtrus,masih terus
orientasikompas,orientasi kompas
napigasi,navigasi
loc,lokasi
baikbaik,baik-baik
banyaki,banyak
camera,kamera
mobile,seluler
th,tahun
msk,masuk
okmohon,oke mohon
gendenglokasi,gila lokasi
bangetsaya,banget saya
hadehtolong,haduh tolong
nyaterimakasih,nya terima kasih
poto,foto
ys,ya
company,perusahaan
fantastic,fantastis
understand,paham
neds,kebutuhan
delivered,terkirim
exactly,tepat
hoping,berharap
responsive,responsif
work,kerja
lagisebelum,lagi sebelum
muterga,berputar tidak
amaging,luar biasa
bng,bang
kenapako,kenapa kok
versidan,versi dan
pembaruanmalah,pembaruan malah
mapnyadan,map-nya dan
perjalanannavigasidan,perjalanan navigasi dan
mapnyatidak,map-nya tidak
bergeraktolong,bergerak tolong
terhormadperbaiki,terhormat perbaiki
bergerakaneh,bergerak aneh
pencarianatau,pencarian atau
didepan,di depan
baratthanks,barat terima kasih
yutubbet,youtube banget
realtimenavigasi,real-time navigasi
blanja,belanja
kontl,kontol
kasasar,tersesat
nysarken,menyesatkan
easier,lebih mudah
destination,tujuan
bagusbg,bagus bang
bagusa,bagusnya
petujuk,petunjuk
jorokumpatan,jorok umpatan
donlod,download
setau,setahu
mksih,terima kasih
dgumakanx,digunakannya
mimilih,memilih
bagussangat,bagus sangat
kga,tidak
semogq,semoga
mqkin,makin
trangalek,trenggalek
uptdate,update
trengalek,trenggalek
spedometer,spidometer
motormobil,motor mobil
setabil,stabil
erorawalnya,error awalnya
kekiripas,ke kiri pas
kananjujur,kanan jujur
tinginya,tingginya
fres,segar
bosenin,membosankan
trukmobil,truk mobil
pribadipenumpang,pribadi penumpang
updetmengangu,update mengganggu
efiesiensi,efisiensi
kebanyaka,kebanyakan
lumyan,lumayan
erorke,error ke
putartidak,putar tidak
perhatikantrima,perhatikan terima
kemanu,kemana
menyenangkandan,menyenangkan dan
inikarena,ini karena
besarkarena,besar karena
bagaimna,bagaimana
ditolakterus,ditolak terus
masuka,masukan
perjalananmantap,perjalanan mantap
mantaptolong,mantap tolong
perbaruhi,perbarui
schedule,jadwal
inacurate,tidak akurat
such,seperti
where,di mana
serve,melayani
intercity,antarkota
given,diberikan
confusing,membingungkan
path,jalur
unfixed,tidak tetap
maybe,mungkin
case,kasus
had,punya
stars,bintang
bagussemoga,bagus semoga
bermanfatuntuk,bermanfaat untuk
barokahamin,berkah amin
titk,titik
sayathaks,saya terima kasih
akuras,akurasi
perjalananm,perjalananmu
apnya,ap-nya
oiy,oh iya
peruntukanya,peruntukannya
qo,kok
yasama,ya sama
updatemakin,update makin
yaagar,ya agar
bereti,berarti
lamlu,lampu
yangbpaling,yang paling
dank,terima kasih
nyampek,sampai
hafalin,hafalkan
ngomongnya,bicaranya
kukurilingan,berputar-putar
turutin,turuti
parahj,parah
tempattempat,tempat-tempat
jembud,jembut
nulis,menulis
sepeserpun,sepeser pun
itupun,itu pun
kalin,kalian
masterpiece,karya agung
cpt,cepat
valit,valid
raihmalah,raih malah
mutartolong,berputar tolong
perbaikititik,perbaiki titik
sesuainanti,sesuai nanti
brarti,berarti
hny,hanya
prlu,perlu
nmbahin,menambahkan
spedamotor,sepeda motor
kesasaehugf,kesasar
ordal,orang dalam
ngadelin,mengandalkan
merekomen,merekomendasikan
mntaf,mantap
rejeki,rezeki
hot,panas
akuratsuka,akurat suka
audiences,penonton
worldwide,seluruh dunia
ngantar,mengantar
mardeka,merdeka
ginisaya,begini saya
keljalur,ke jalur
ngebuk,nge-bug
mnantang,menantang
seruh,seru
akuratberikut,akurat berikut
bisnispadahal,bisnis padahal
disi,di sini
akurattetapi,akurat tetapi
gagaltolong,gagal tolong
gacorin,buat laris
multitasking,multitugas
perubahana,perubahan
menyeseatkan,menyesatkan
asutolonglah,anjing tolonglah
ajajgn,saja jangan
auzubilah,audzubillah
bangetyg,banget yang
sanakan,laksanakan
dulutak,dulu tak
seklali,sekali
tingisinyal,tinggi sinyal
peruntukantapi,peruntukan tapi
buntutolong,buntu tolong
agpsglonas,agps glonass
beidouqzssbas,beidou qzss sbas
lempt,lemot
pemakain,pemakaian
komnt,komen
translate,terjemahan
sophe,shopee
tepatmakanya,tepat makanya
dealey,delay
ring,cincin
dizinkan,diizinkan
ngeblok,mengeblok
berarty,berarti
busuktitik,busuk titik
ngacomelenceng,ngaco melenceng
lemothp,lemot hp
akurai,akurat
lemahsudah,lemah sudah
akurasinuaperbaiki,akurasinya perbaiki
lalowd,lelet
interview,wawancara
gajelastolong,tidak jelas tolong
diperbaikisoalnya,diperbaiki soalnya
kerugiandelay,kerugian delay
bagusgak,bagus tidak
akuratun,akurat
cewa,kecewa
lebihmudah,lebih mudah
nyasangat,nya sangat
dibagusin,diperbaiki
jauhteru,jauh terus
titikaneh,titik aneh
ngitung,menghitung
mimin,admin
jlssusah,jelas susah
kedetek,terdeteksi
gpsjdi,gps jadi
keteranganya,keterangannya
mapuntung,map untung
ampasbos,buruk bos
surih,suruh
gate,gerbang
ril,asli
trmakasih,terima kasih
kalibirasi,kalibrasi
lemotperbaiki,lemot perbaiki
akuratjadi,akurat jadi
finding,menemukan
planing,perencanaan
trips,perjalanan
stresfre,bebas stres
tujudi,tujuh di
paret,parit
besarhm,besar hm
hadeuh,haduh
kesawah,ke sawah
dimapsnya,di maps-nya
terakir,terakhir
kelokasi,ke lokasi
mamfat,manfaat
bagussudah,bagus sudah
pebih,lebih
hutangunungsawahdan,hutan gunung sawah dan
kekayan,kekayaan
bermanfar,bermanfaat
ramahramah,ramah-ramah
perawatnyaterima,perawatnya terima kasih
bgd,banget
mapsnyahabis,maps-nya habis
sebenarnyajarak,sebenarnya jarak
seriously,serius
goglemaps,google maps
bayik,baik
gmpang,gampang
updeit,update
closed,tutup
benerintrmksh,perbaiki terima kasih
menghapal,menghafal
motorhilang,motor hilang
jakartasedangkan,jakarta sedangkan
jatimjawa,jatim jawa
setelanseting,setelan setting
bugsnya,bug-nya
kanapa,kenapa
lurusmenyesatkan,lurus menyesatkan
mendownloadmengistal,mendownload menginstal
sory,maaf
trukwingboxbus,truk wingbox bus
trmskash,terima kasih
mosok,masa sih
egak,tidak
gedeg,kesal
jazakumulah,jazakumullah
kambal,kembali
isnt,bukan
updatedit,di-update
years,tahun
ago,lalu
disediain,disediakan
kusus,khusus
trucknya,truknya
berheti,berhenti
youtup,youtube
pindahkalau,pindah kalau
rumahudah,rumah sudah
samasaya,sama saya
mapssebagai,maps sebagai
louding,loading
ditungu,ditunggu
mbntu,membantu
cobalokasi,coba lokasi
dimanathulul,di mana dahulu
teransfaran,transparan
continue,lanjutkan
ajakhahsjsjsjhsvwjqh,saja
slanjutnya,selanjutnya
autoclose,tutup otomatis
bwrmanfat,bermanfaat
perjalanansy,perjalanan saya
lemanyan,lumayan
mapsbru,maps baru
udplod,upload
mudahbravo,mudah bravo
resmidan,resmi dan
sekarnag,sekarang
hadiahnyahaox,hadiahnya hoaks
jarumnyasukaberubaharah,jarumnya suka berubah arah
pokonamah,pokoknya
masukanya,masukannya
onbid,on bid
yogjakarta,yogyakarta
dgunakanmales,digunakan malas
perkembanganya,perkembangannya
tumbur,tabrak
yaudah,ya sudah
disapointed,kecewa
turns,ternyata
acesed,diakses
certain,tertentu
areas,area
seharus,seharusnya
ngacok,ngaco
owner,pemilik
pen,ingin
kalibrasiketerangan,kalibrasi keterangan
sharelive,bagikan lokasi langsung
hri,hari
berboden,verboden
pencitran,pencitraan
satelitefoto,foto satelit
beguna,berguna
us,kita
destiny,takdir
quick,cepat
oerjalanan,perjalanan
baiktapi,baik tapi
wlpn,walaupun
pleset,peleset
nying,anjing
hiks,sedih
mabnya,maps-nya
bitang,bintang
awalny,awalnya
blnja,belanja
bagunan,bangunan
pervect,sempurna
bajarnegara,banjarnegara
nekan,menekan
kaliberasi,kalibrasi
kemo,ke mana
adek,adik
kaia,kaya
gni,begini
kesimpen,tersimpan
kodinat,koordinat
meberitau,memberitahu
resfect,hormat
tembusinlah,tembuskanlah
goplok,goblok
kabupatn,kabupaten
chace,cache
disinilah,di sinilah
ngecek,mengecek
stelan,setelan
aktitas,aktivitas
ngestuck,stuck
skurasikn,akurasikan
post,unggah
wew,wow
kaktektp,kaktek
mepsberi,maps beri
lancaramin,lancar amin
akunmantaptrima,akun mantap terima kasih
pasisir,pesisir
panai,pantai
rincianya,rinciannya
kecamayan,kecamatan
aplikasinyamasak,aplikasinya masak
bangetemang,banget memang
kamatian,kematian
inisemoga,ini semoga
bw,bawa
polihan,pilihan
teranjur,terlanjur
jembot,jembut
lamabat,lambat
jalnya,jalannya
dsbny,dan sebagainya
kesasardan,kesasar dan
gerakpas,gerak pas
biasabanyak,biasa banyak
membantuapalgi,membantu apalagi
montor,motor
disamping,di samping
yeah,ya
penujuk,penunjuk
akuratmudah,akurat mudah
mapspenunjuk,maps penunjuk
jejas,jelas
musah,mudah
ikutirutenya,ikuti rutenya
efisen,efisien
thu,tahu
kinekerjanyamakin,kinerjanya makin
updete,update
belun,belum
tandafitur,tanda fitur
realtime,real-time
stelah,setelah
nyamutar,nya memutar
timenya,waktunya
seksli,sekali
peroses,proses
jobs,pekerjaan
dach,dah
guwa,saya
yasar,nyasar
jels,jelas
toll,tol
mbk,mbak
gpstrs,gps terus
law,hukum
koyok,seperti
taekmosok,tahi masa sih
apliksi,aplikasi
nuduh,menuduh
nyelesaikan,menyelesaikan
tujuanmakane,tujuan makanya
lek,kalau
oercoyo,percaya
ojok,jangan
turu,tidur
batrai,baterai
udan,hujan
ngestag,stuck
akut,akurat
patokanya,patokannya
berjalanjalan,berjalan-jalan
nelaca,melacak
reti,berhenti
lagipadahal,lagi padahal
mapssekarag,maps sekarang
dontol,tolol
ngubah,mengubah
rendahtidak,rendah tidak
tingiberesiko,tinggi berisiko
enough,cukup
payahcek,payah cek
pasdiupdate,pas di-update
brigjend,brigjen
yak,iya
reinstal,instal ulang
trlihat,terlihat
erort,error
jelasgimana,jelas bagaimana
jelasnyusahin,jelas menyusahkan
dipilihin,dipilihkan
jalansempit,jalan sempit
fan,penggemar
biet,beat
takse,taksi
bagussemua,bagus semua
ampu,ampuh
sedikitsinyal,sedikit sinyal
hilangmacetgak,hilang macet tidak
lagitidak,lagi tidak
mngunakan,menggunakan
akuransi,akurasi
erorkita,error kita
samasekali,sama sekali
menelusurinyagogle,menelusurinya google
mapy,map-nya
kalou,kalau
bagusmbatu,bagus membantu
nti,nanti
lokasimasa,lokasi masa
orangkan,orang kan
okmantap,oke mantap
jalas,jelas
banyakin,perbanyak
erorapdate,error update
lamatidak,lama tidak
bedakanbiar,bedakan biar
keciltrimakasih,kecil terima kasih
sukaini,suka ini
ioenak,enak
operating,operasi
kokia,kok ya
berta,bertanya
lni,ini
lancarin,lancarkan
menganti,mengganti
boy,anak laki-laki
gmnako,bagaimana kok
membantukan,membantu
bike,motor
yamaps,ya maps
ngbug,nge-bug
perjlanan,perjalanan
setambil,stabil
prebaiki,perbaiki
lifesaver,penyelamat
downwhether,sedang turun
loking,melihat
trying,mencoba
especialy,khususnya
headsetnya,headset-nya
kalibrasikarena,kalibrasi karena
kasiknya,kasihnya
pekok,bodoh
pendendara,pengendara
titiknta,titiknya
ki,iki
andelin,mengandalkan
kedalam,ke dalam
munculmuncul,muncul-muncul
skr,sekarang
soalny,soalnya
explore,jelajah
adasaya,ada saya
pakaikendaran,pakai kendaraan
bawadan,bawa dan
nitikin,menandai titik
anter,antar
bermampat,bermanfaat
alamatrute,alamat rute
ngatur,mengatur
sono,sana
gokar,go-car
grabcar,grab-car
memempuh,menempuh
mapsmu,maps-mu
dev,pengembang
klen,kalian
pareasi,variasi
ship,kapal
engaknya,tidaknya
mapstolong,maps tolong
aspalmisal,aspal misal
lainterima,lain terima kasih
tried,mencoba
ordering,memesan
fresh,segar
maintained,terpelihara
comitment,komitmen
excelence,keunggulan
bermanfay,bermanfaat
congratulations,selamat
perjalanku,perjalananku
maftest,map test
lokasicuma,lokasi cuma
mapsku,maps-ku
iklanya,iklannya
trm,terima
terjangkaulain,terjangkau lain
mantapz,mantap
sekedar,sekadar
digogle,di google
menulusuri,menelusuri
nyalahin,menyalahkan
mapntah,map mentah
jlek,jelek
ato,atau
makenya,pakainya
usal,usul
laoran,laporan
tersedua,tersedia
berfunsi,berfungsi
diukang,diulang
kadangkaga,kadang tidak
ditentuin,ditentukan
careful,hati-hati
didnt,tidak
matched,cocok
mean,artinya
actual,sebenarnya
check,cek
twice,dua kali
almost,hampir
fal,gagal
canyongapravinegorge,jurang
bngke,bangkai
okeklok,oke kalau
menusuri,menelusuri
dgunakan,digunakan
improve,meningkatkan
lagibiar,lagi biar
seringbeberapa,sering beberapa
diupdatediperbarui,di-update diperbarui
jadijadi,jadi-jadi
pondasi,fondasi
seblm,sebelum
rutu,rute
gercep,gerak cepat
rendahposisi,rendah posisi
distasiun,di stasiun
jalansudah,jalan sudah
cihtpi,sih tapi
inisalam,ini salam
sebel,sebal
ydah,ya sudah
payahlambat,payah lambat
akuratcoba,akurat coba
stategis,strategis
akurasian,akurasi
zone,zona
krom,chrome
dilapangan,di lapangan
lebihbaik,lebih baik
tigkatkan,tingkatkan
byar,biar
bintagnya,bintangnya
kesejahteran,kesejahteraan
clasic,klasik
mohan,mohon
mutarmutar,memutar-mutar
tah,tahu
tw,tahu
singkronisasi,sinkronisasi
custumer,pelanggan
gocar,go-car
susa,susah
alterik,alternatif
napa,kenapa
belin,belikan
bensinya,bensinnya
riview,ulasan
syekali,sekali
lam,lama
hilangsudah,hilang sudah
uninstaldi,uninstal di
tampiltolong,tampil tolong
mengeceklokasikodamjaya,mengecek lokasi kodam jaya
cilitanjakarta,cililitan jakarta
samapi,sampai
cmn,cuma
cpet,cepat
tujukin,tunjukkan
sesusai,sesuai
trimksh,terima kasih
apalikasinya,aplikasinya
murotal,murottal
menikmatin,menikmati
masyalah,masalah
jump,lompat
jumping,melompat
baiw,baik
sepedamotor,sepeda motor
gblk,goblok
gomap,go-map
permantap,mantapkan
tujutrimakasih,tuju terima kasih
kekasar,kesasar
kitu,begitu
kos,indekos
pie,bagaimana
ndalan,di jalan
kangelan,kesulitan
terabdate,ter-update
nich,ini
antap,mantap
terahakan,terarahkan
updategmn,update bagaimana
updte,update
ribetketik,ribet ketik
cilicin,cililin
inisupaya,ini supaya
sendiritapi,sendiri tapi
bkrja,bekerja
kususnya,khususnya
pembharuan,pembaharuan
anehsy,aneh saya
lha,lah
gadatiap,tidak ada tiap
jaraknyatlong,jaraknya tolong
rame,ramai
dbuka,dibuka
woltermongisidi,wolter mongisidi
klaw,kalau
jauhin,jauhkan
nyamasa,nya masa
cakepkemana,bagus ke mana
riski,rezeki
tdi,tadi
extrem,ekstrem
sholat,salat
ofroad,offroad
bapakau,bapakmu
lagijuga,lagi juga
puterputer,putar-putar
dam,dan
tersrsat,tersesat
pangalaman,pengalaman
danedukasi,dan edukasi
lagisekian,lagi sekian
kagok,tanggung
kurirterima,kurir terima kasih
specific,spesifik
stretview,street view
terahir,terakhir
ngeblankrute,ngeblank rute
kliatan,kelihatan
susahsama,susah sama
susahkita,susah kita
andalkanterimakasih,andalkan terima kasih
ajh,saja
gugle,google
photos,foto
sync,sinkronisasi
changed,berubah
posible,mungkin
scam,penipuan
telponya,teleponnya
dulujlur,dulu jalur
sesuaigak,sesuai tidak
tempuhngaco,tempuh ngaco
mkanan,makanan
aplg,apalagi
pelembang,palembang
lipo,lippo
daerh,daerah
smping,samping
sego,nasi
ndok,telur
asihpkny,terima kasih pokoknya
jnan,jalan
karana,karena
lwt,lewat
kebiasan,kebiasaan
brasi,kalibrasi
terustolong,terus tolong
iniselalu,ini selalu
erorbahkan,error bahkan
ngacosaya,ngaco saya
aplnya,aplikasinya
buruktidak,buruk tidak
tepatkadang,tepat kadang
siningeselin,sini menyebalkan
perajalanan,perjalanan
stupid,bodoh
ngupdete,update
diperbaki,diperbaiki
compas,kompas
exist,ada
again,lagi
fahami,pahami
jipies,gps
manta,mantap
diperbaik,diperbaiki
disepanjang,di sepanjang
gears,peralatan
autonomous,otonom
erorlemotpadahal,error lemot padahal
thats,itu
reason,alasan
apear,muncul
ooi,oi
hire,rekrut
perjalanantidak,perjalanan tidak
hmpir,hampir
wlpun,walaupun
ditengh,di tengah
bedahkan,bedah
pwrjalanan,perjalanan
saha,siapa
nyadan,nya dan
ngereview,ulas
diprofil,di profil
diungah,diunggah
publish,publikasikan
bedain,bedakan
banyang,bayang
covok,cocok
adm,admin
kluada,kalau ada
updating,memperbarui
runing,berjalan
hank,hang
siji,satu
bida,bisa
bukany,bukannya
senamnya,senangnya
nganter,antar
klabirasi,kalibrasi
kacaukacau,kacau-kacau
jelaspayah,jelas payah
oderanya,orderannya
anjr,anjir
gl,google
kearah,ke arah
dihilangin,dihilangkan
bergu,berguna
bia,bisa
versj,versi
memilai,memulai
neh,nih
asliit,asli itu
taubelok,tahu belok
lagimaps,lagi maps
ngekor,mengekor
dibelakanguntung,di belakang untung
ajagw,saja saya
lagiudh,lagi sudah
mntab,mantap
qt,kita
berasatitik,berasa titik
menyenangkanpelayananya,menyenangkan pelayanannya
ramahsetelah,ramah setelah
kesakitanpokoknya,kesakitan pokoknya
bestterima,terbaik terima kasih
sampaidan,sampai dan
pelangankonsumen,pelanggan konsumen
dimafkan,dimaafkan
olh,oleh
ajadan,saja dan
sayatapi,saya tapi
bgusin,baguskan
dinaki,dinaiki
bisatapi,bisa tapi
mesinya,mesinnya
upgradenya,update-nya
bangjo,lampu merah
ea,ya
jatuhin,jatuhkan
king,raja
nyasarcoba,nyasar coba
stabilin,stabilkan
ngestuk,stuck
bes,bis
ngeblas,nge-blank
oarah,parah
lokasiterima,lokasi terima kasih
mesjid,masjid
rohmat,rahmat
padahan,padahal
meliat,melihat
kecilterimakasih,kecil terima kasih
bertangung,bertanggung
duit,uang
budget,anggaran
wokeh,oke
pinter,pintar
lumayancumn,lumayan cuma
yag,yang
membantutrimakasih,membantu terima kasih
hutanaku,hutan aku
kelehat,kelihat
nyuhasin,menyusahkan
menpermudah,mempermudah
disturbing,mengganggu
recomendation,rekomendasi
padahl,padahal
nyatareal,nyata real
pesen,pesan
ta,tahu
didudukin,diduduki
gtrackjd,g-track jadi
tq,terima kasih
bermututolong,bermutu tolong
thui,tahu
baiknlagi,baik lagi
rutemulai,rute mulai
balum,belum
golek,cari
kerjain,kerjakan
pentingmembantu,penting membantu
pejuk,petunjuk
ngecoh,mengecoh
tun,itu
sblom,sebelum
lncar,lancar
kerjanyanya,kerjanya
penampilanya,penampilannya
serlive,bagikan lokasi
nangung,tanggung
jlk,jelek
pki,pakai
heart,hati
kesian,kasihan
rispek,hormat
selau,selalu
delaygk,delay tidak
subhanalah,subhanallah
lhoh,loh
beroperasinyaselalu,beroperasinya selalu
convenient,nyaman
anymore,lagi
caf,kafe
wil,wilayah
shop,toko
proper,layak
bunch,banyak
found,ketemu
heck,waduh
brighten,mencerahkan
dikalibrasilkan,dikalibrasikan
diatas,di atas
pea,bodoh
perbaikikadang,perbaiki kadang
jhon,john
amplikasi,aplikasi
membantuh,membantu
kesemula,ke semula
sbulan,sebulan
lalatod,lambat
ongkir,ongkos kirim
mnfat,manfaat
acuratelyi,dengan akurat saya
rely,bergantung
heavily,sangat
avoid,hindari
jams,kemacetan
range,rentang
information,informasi
tourist,wisatawan
atractions,atraksi
absolutely,mutlak
friendly,ramah
led,dipimpin
bosnis,bisnis
tikuswkwkwk,tikus (tertawa)
calibration,kalibrasi
done,selesai
using,menggunakan
gadak,tidak ada
kudu,harus
back,kembali
plise,tolong
nglantur,ngelantur
motorkembalin,motor kembalikan
mapnyabisa,map-nya bisa
kemanamanadan,ke mana-mana dan
makn,makan
lau,kalau
mkasih,terima kasih
buruksering,buruk sering
buntubahkan,buntu bahkan
ps,pas
segerah,segera
ditempatbug,di tempat bug
solusinyaterima,solusinya terima kasih
diperbaruhui,diperbarui
arahpadahal,arah padahal
gantitolong,ganti tolong
udahku,sudah ku
tanguhkan,tangguhkan
kerjany,kerjanya
kasihsangat,kasih sangat
menemuka,menemukan
amsyong,celaka
tbtb,tiba-tiba
reviewnya,ulasannya
nolongin,menolong
membantudalam,membantu dalam
tracking,pelacakan
areaasal,area asal
seprti,seperti
dluskrg,dulu sekarang
bget,banget
perbaikipdhal,perbaiki padahal
restat,restart
ketingal,ketinggalan
dibkin,dibuat
kuburanke,kuburan ke
klok,kalau
okl,oke
peforma,performa
nyabiar,nya biar
ngacir,ngebut
baguscuma,bagus cuma
harijd,hari jadi
karasan,kerasan
kliru,keliru
bosqu,bosku
yahtlg,ya tolong
madet,macet
hrus,harus
bkin,bikin
indo,indonesia
negri,negeri
satelite,satelit
tujan,tujuan
bgtu,begitu
angep,anggap
yagesya,ya guys ya
convert,konversi
mengikutim,mengikuti
ngehang,nge-hang
pembarui,perbarui
pentunjuknya,petunjuknya
pls,tolong
bapa,bapak
bukadan,buka dan
utamadan,utama dan
utamabiarpun,utama biarpun
notifnya,notifikasi-nya
soalna,soalnya
infiniz,infinix
penjelasanya,penjelasannya
cancel,batal
welek,jelek
ne,ini
nyetel,setel
lalulintasnya,lalu lintasnya
updatemalah,update malah
bnrin,benahi
ngan,dengan
akuratsemoga,akurat semoga
diarakhan,diarahkan
changes,perubahan
construction,konstruksi
browsed,jelajah
schol,sekolah
house,rumah
visible,terlihat
konek,hubung
miniman,minuman
dahlah,sudahlah
mdari,dari
kelang,selang
jamera,kamera
didesa,di desa
sei,sungai
sumut,sumatera utara
dngn,dengan
bnar,benar
ngegeser,menggeser
initermasuk,ini termasuk
holing,holding
bisah,bisa
perpetan,perpetaan
beser,besar
purbalinga,purbalingga
erorg,error
biasanyakenapa,biasanya kenapa
minmakin,min makin
sayapanah,sayap panah
bergeraktulisan,bergerak tulisan
menelusurin,menelusuri
terusarah,terus arah
berputarhaduw,berputar haduh
arahnyaslalu,arahnya selalu
alternatip,alternatif
acleng,mencelat
aclenganapakah,mencelat apakah
petcoban,percobaan
vetsi,versi
mpa,map
expres,ekspres
anugrah,anugerah
biasakayak,biasa kayak
viewg,view
akuratcocok,akurat cocok
ojolmantap,ojol mantap
okjelajah,oke jelajah
ngbikin,membuat
gage,ganjil genap
jogjamadiun,jogja madiun
asalgw,asal saya
signyal,sinyal
sihcuma,sih cuma
laluknp,lalu kenapa
rob,banjir rob
sungubagus,sungguh bagus
gakjelas,tidak jelas
gbs,tidak bisa
dinyalain,dinyalakan
excited,semangat
aspekaspek,aspek-aspek
kebudayan,kebudayaan
sapa,siapa
wkwk,tertawa
terbarutampilkan,terbaru tampilkan
sangad,sangat
kon,kamu
trimks,terima kasih
unt,untuk
dongmasih,dong masih
expektasi,ekspektasi
tankz,terima kasih
kyou,terima kasih
nyalain,nyalakan
dipaling,di paling
btw,omong-omong
teuing,tidak tahu
rieut,pusing
nu,yang
kaluar,keluar
hadeueuh,haduh
skarng,sekarang
baguskalo,bagus kalau
sekaliagar,sekali agar
ikelanya,iklannya
macetkena,macet kena
gel,google
ata,atau
dibukaapk,dibuka aplikasi
penalaman,pengalaman
ynag,yang
cowo,cowok
warohmatulohi,warahmatullahi
wbrokatuh,wabarakatuh
ajigdi,anjing di
ajalah,sajalah
smakin,semakin
pempermudah,mempermudah
trbaru,terbaru
sblum,sebelum
siep,siap
hamdphone,handphone
pict,gambar
pakeaku,pakai aku
ketolong,tertolong
whatsafp,whatsapp
telephone,telepon
konsistent,konsisten
kbutuhan,kebutuhan
stay,tetap
mentingin,mementingkan
garaapk,gara-gara aplikasi
ditambahin,ditambahkan
mo,mau
ditaroh,ditaruh
geblek,goblok
cpat,cepat
lanya,lainnya
trpecya,terpercaya
akusuka,aku suka
sangatmembantu,sangat membantu
tb,tiba
terjauhbukanya,terjauh bukannya
terdekatklo,terdekat kalau
ajamuternya,saja memutarnya
kmsering,kamu sering
diammaps,diam maps
tujuanapakah,tujuan apakah
kesengajan,kesengajaan
profit,keuntungan
userjalan,pengguna jalan
merahmacetbukanya,merah macet bukannya
birumenyesatkan,biru menyesatkan
barumakin,baru makin
parahharusnya,parah seharusnya
kebalikanyaparahparah,kebalikannya parah parah
bunting,hamil
until,sampai
cman,cuma
anehdia,aneh dia
aplks,aplikasi
jalanpadahal,jalan padahal
inimohon,ini mohon
lokasititik,lokasi titik
dodol,bodoh
bag,bug
pokokya,pokoknya
tepatagar,tepat agar
perbaik,perbaiki
orange,jingga
abiz,habis
tanks,terima kasih
ngeblast,meledak
kluar,keluar
inijika,ini jika
naikan,naikkan
inout,masuk keluar
menonaktifka,menonaktifkan
navigasisat,navigasi saat
yabelum,ya belum
benarsampai,benar sampai
diangap,dianggap
magnetispadahal,magnetis padahal
belanjan,belanja
ntapsantap,mantap santap
mak,emak
mudahdan,mudah dan
dijangaku,dijangkau
makasi,terima kasih
vibesnya,suasananya
lancarpadahal,lancar padahal
kenyatanya,kenyataannya
srabil,stabil
arahribet,arah ribet
pindahmohon,pindah mohon
dibantuterima,dibantu terima kasih
dirumahdimal,di rumah di mal
singahnyahampir,singgahnya hampir
sinyak,sinyal
samrtphone,smartphone
payahupdate,payah update
gaktau,tidak tahu
nyelakain,mencelakakan
persi,versi
lalod,lelet
sanyat,sangat
sherlock,share lokasi
perbaikiterimakasih,perbaiki terima kasih
nmbah,nambah
kekuatanya,kekuatannya
biruny,birunya
performakadang,performa kadang
dimiat,diminta
uploadverifikasi,unggah verifikasi
router,rute
biasanyaketika,biasanya ketika
tetus,terus
hade,bagus
almt,alamat
gogelmap,google map
sekalo,sekali
samsek,sama sekali
jlsga,jelas tidak
lambattitik,lambat titik
lingkunganya,lingkungannya
aplikai,aplikasi
nginstal,instal
group,grup
touring,tur
park,taman
feature,fitur
important,penting
felow,sesama
riders,pengendara
minus,kurang
kontribusiresponya,kontribusi responnya
jeleknyesatin,jelek menyesatkan
tapikalau,tapi kalau
terabasan,terobosan
samngat,sangat
nyoba,coba
tapiplis,tapi tolong
gmpas,gmaps
sebenernya,sebenarnya
nyebelin,menyebalkan
kesono,ke sana
cewe,cewek
iyo,iya
ilok,masa sih
terimahkasih,terima kasih
beast,terbaik
amet,amat
dpnk,depan
hoki,beruntung
aflikasi,aplikasi
hahaha,tertawa
erorgps,error gps
jelasperbedan,jelas perbedaan
kalbar,kalimantan barat
mengarahkanya,mengarahkannya
busyuk,busuk
dongkol,kesal
delaylambat,tunda lambat
his,dia
reading,membaca
showed,menunjukkan
upcoming,mendatang
oportunities,peluang
acurately,dengan akurat
he,dia
described,menjelaskan
met,bertemu
soulmate,jodoh
greatand,hebat dan
powerful,kuat
guide,panduan
nentuin,menentukan
rutepokoknya,rute pokoknya
stabilanya,stabilnya
oyes,oke
mugi,semoga
completed,selesai
pokoe,pokoknya
printing,percetakan
adaharus,ada harus
besoksekarang,besok sekarang
malammohon,malam mohon
membantuterimakasih,membantu terima kasih
signalnya,sinyalnya
pembaharui,perbarui
membntu,membantu
menyastkangakjelasaneh,menyesatkan tidak jelas aneh
istmewa,istimewa
aeye,saya
ketipu,tertipu
